EcoTypeID,VegID,ShrubSpecFrac
-999,GFShrub,1
3001,GFShrub,1
3002,GFShrub,1
3003,GFShrub,1
3004,GFShrub,1
3006,GFShrub,1
3007,GFShrub,1
3008,GFShrub,1
3009,GFShrub,1
3011,GFShrub,1
3012,GFShrub,1
3013,GFShrub,1
3014,GFShrub,1
3015,GFShrub,1
3016,GFShrub,1
3017,GFShrub,1
3018,GFShrub,1
3019,GFShrub,1
3020,GFShrub,1
3021,GFShrub,1
3022,GFShrub,1
3023,GFShrub,1
3024,GFShrub,1
3025,GFShrub,1
3026,GFShrub,1
3027,GFShrub,1
3028,GFShrub,1
3029,GFShrub,1
3030,GFShrub,1
3031,GFShrub,1
3032,GFShrub,1
3033,GFShrub,1
3034,GFShrub,1
3035,GFShrub,1
3036,GFShrub,1
3037,GFShrub,1
3038,GFShrub,1
3039,GFShrub,1
3041,GFShrub,1
3042,GFShrub,1
3043,GFShrub,1
3044,GFShrub,1
3045,GFShrub,1
3046,GFShrub,1
3047,GFShrub,1
3048,GFShrub,1
3049,GFShrub,1
3050,GFShrub,1
3051,GFShrub,1
3052,GFShrub,1
3053,GFShrub,1
3054,GFShrub,1
3055,GFShrub,1
3056,GFShrub,1
3057,GFShrub,1
3058,GFShrub,1
3059,GFShrub,1
3060,GFShrub,1
3061,GFShrub,1
3062,GFShrub,1
3063,GFShrub,1
3064,GFShrub,1
3065,GFShrub,1
3066,GFShrub,1
3067,GFShrub,1
3068,GFShrub,1
3070,GFShrub,1
3071,GFShrub,1
3072,GFShrub,1
3074,GFShrub,1
3075,GFShrub,1
3076,GFShrub,1
3077,GFShrub,1
3078,GFShrub,1
3079,GFShrub,1
3080,GFShrub,1
3081,GFShrub,1
3082,GFShrub,1
3083,GFShrub,1
3084,GFShrub,1
3085,GFShrub,1
3086,GFShrub,1
3087,GFShrub,1
3088,GFShrub,1
3090,GFShrub,1
3091,GFShrub,1
3092,GFShrub,1
3093,GFShrub,1
3094,GFShrub,1
3095,GFShrub,1
3096,GFShrub,1
3097,GFShrub,1
3098,GFShrub,1
3099,GFShrub,1
3100,GFShrub,1
3101,GFShrub,1
3103,GFShrub,1
3104,GFShrub,1
3105,GFShrub,1
3106,GFShrub,1
3107,GFShrub,1
3108,GFShrub,1
3109,GFShrub,1
3110,GFShrub,1
3111,GFShrub,1
3112,GFShrub,1
3113,GFShrub,1
3114,GFShrub,1
3115,GFShrub,1
3116,GFShrub,1
3117,GFShrub,1
3118,GFShrub,1
3119,GFShrub,1
3120,GFShrub,1
3121,GFShrub,1
3122,GFShrub,1
3123,GFShrub,1
3124,GFShrub,1
3125,GFShrub,1
3126,GFShrub,1
3127,GFShrub,1
3128,GFShrub,1
3129,GFShrub,1
3130,GFShrub,1
3131,GFShrub,1
3132,GFShrub,1
3133,GFShrub,1
3134,GFShrub,1
3135,GFShrub,1
3136,GFShrub,1
3137,GFShrub,1
3138,GFShrub,1
3139,GFShrub,1
3140,GFShrub,1
3141,GFShrub,1
3142,GFShrub,1
3143,GFShrub,1
3144,GFShrub,1
3145,GFShrub,1
3146,GFShrub,1
3147,GFShrub,1
3148,GFShrub,1
3149,GFShrub,1
3150,GFShrub,1
3151,GFShrub,1
3152,GFShrub,1
3153,GFShrub,1
3154,GFShrub,1
3155,GFShrub,1
3156,GFShrub,1
3157,GFShrub,1
3158,GFShrub,1
3159,GFShrub,1
3160,GFShrub,1
3161,GFShrub,1
3162,GFShrub,1
3163,GFShrub,1
3164,GFShrub,1
3165,GFShrub,1
3166,GFShrub,1
3167,GFShrub,1
3168,GFShrub,1
3169,GFShrub,1
3170,GFShrub,1
3171,GFShrub,1
3172,GFShrub,1
3173,GFShrub,1
3174,GFShrub,1
3177,GFShrub,1
3178,GFShrub,1
3179,GFShrub,1
3180,GFShrub,1
3181,GFShrub,1
3182,GFShrub,1
3183,GFShrub,1
3184,GFShrub,1
3185,GFShrub,1
3186,GFShrub,1
3187,GFShrub,1
3191,GFShrub,1
3192,GFShrub,1
3193,GFShrub,1
3194,GFShrub,1
3195,GFShrub,1
3196,GFShrub,1
3199,GFShrub,1
3200,GFShrub,1
3201,GFShrub,1
3202,GFShrub,1
3203,GFShrub,1
3204,GFShrub,1
3205,GFShrub,1
3206,GFShrub,1
3207,GFShrub,1
3208,GFShrub,1
3209,GFShrub,1
3210,GFShrub,1
3211,GFShrub,1
3212,GFShrub,1
3213,GFShrub,1
3214,GFShrub,1
3215,GFShrub,1
3216,GFShrub,1
3217,GFShrub,1
3218,GFShrub,1
3219,GFShrub,1
3220,GFShrub,1
3221,GFShrub,1
3222,GFShrub,1
3223,GFShrub,1
3227,GFShrub,1
3228,GFShrub,1
3229,GFShrub,1
3230,GFShrub,1
3231,GFShrub,1
3232,GFShrub,1
3233,GFShrub,1
3234,GFShrub,1
3235,GFShrub,1
3236,GFShrub,1
3237,GFShrub,1
3238,GFShrub,1
3239,GFShrub,1
3240,GFShrub,1
3241,GFShrub,1
3242,GFShrub,1
3243,GFShrub,1
3244,GFShrub,1
3245,GFShrub,1
3247,GFShrub,1
3248,GFShrub,1
3249,GFShrub,1
3250,GFShrub,1
3251,GFShrub,1
3252,GFShrub,1
3253,GFShrub,1
3254,GFShrub,1
3255,GFShrub,1
3256,GFShrub,1
3257,GFShrub,1
3258,GFShrub,1
3259,GFShrub,1
3260,GFShrub,1
3261,GFShrub,1
3262,GFShrub,1
3263,GFShrub,1
3264,GFShrub,1
3265,GFShrub,1
3266,GFShrub,1
3267,GFShrub,1
3268,GFShrub,1
3269,GFShrub,1
3270,GFShrub,1
3271,GFShrub,1
3272,GFShrub,1
3273,GFShrub,1
3274,GFShrub,1
3275,GFShrub,1
3276,GFShrub,1
3277,GFShrub,1
3278,GFShrub,1
3279,GFShrub,1
3280,GFShrub,1
3281,GFShrub,1
3282,GFShrub,1
3283,GFShrub,1
3284,GFShrub,1
3285,GFShrub,1
3286,GFShrub,1
3287,GFShrub,1
3288,GFShrub,1
3289,GFShrub,1
3290,GFShrub,1
3291,GFShrub,1
3292,GFShrub,1
3293,GFShrub,1
3294,GFShrub,1
3295,GFShrub,1
3296,GFShrub,1
3297,GFShrub,1
3298,GFShrub,1
3299,GFShrub,1
3300,GFShrub,1
3301,GFShrub,1
3302,GFShrub,1
3303,GFShrub,1
3304,GFShrub,1
3305,GFShrub,1
3306,GFShrub,1
3307,GFShrub,1
3308,GFShrub,1
3309,GFShrub,1
3310,GFShrub,1
3311,GFShrub,1
3312,GFShrub,1
3313,GFShrub,1
3314,GFShrub,1
3315,GFShrub,1
3316,GFShrub,1
3317,GFShrub,1
3318,GFShrub,1
3319,GFShrub,1
3320,GFShrub,1
3321,GFShrub,1
3322,GFShrub,1
3323,GFShrub,1
3324,GFShrub,1
3325,GFShrub,1
3326,GFShrub,1
3327,GFShrub,1
3328,GFShrub,1
3329,GFShrub,1
3330,GFShrub,1
3331,GFShrub,1
3332,GFShrub,1
3333,GFShrub,1
3334,GFShrub,1
3335,GFShrub,1
3336,GFShrub,1
3337,GFShrub,1
3338,GFShrub,1
3339,GFShrub,1
3340,GFShrub,1
3342,GFShrub,1
3343,GFShrub,1
3344,GFShrub,1
3346,GFShrub,1
3347,GFShrub,1
3348,GFShrub,1
3349,GFShrub,1
3350,GFShrub,1
3351,GFShrub,1
3352,GFShrub,1
3353,GFShrub,1
3354,GFShrub,1
3355,GFShrub,1
3356,GFShrub,1
3357,GFShrub,1
3358,GFShrub,1
3359,GFShrub,1
3361,GFShrub,1
3362,GFShrub,1
3363,GFShrub,1
3364,GFShrub,1
3365,GFShrub,1
3366,GFShrub,1
3367,GFShrub,1
3368,GFShrub,1
3369,GFShrub,1
3370,GFShrub,1
3371,GFShrub,1
3372,GFShrub,1
3373,GFShrub,1
3374,GFShrub,1
3375,GFShrub,1
3376,GFShrub,1
3377,GFShrub,1
3378,GFShrub,1
3379,GFShrub,1
3380,GFShrub,1
3381,GFShrub,1
3382,GFShrub,1
3383,GFShrub,1
3384,GFShrub,1
3385,GFShrub,1
3386,GFShrub,1
3387,GFShrub,1
3389,GFShrub,1
3390,GFShrub,1
3391,GFShrub,1
3392,GFShrub,1
3393,GFShrub,1
3394,GFShrub,1
3395,GFShrub,1
3396,GFShrub,1
3397,GFShrub,1
3398,GFShrub,1
3399,GFShrub,1
3400,GFShrub,1
3401,GFShrub,1
3402,GFShrub,1
3403,GFShrub,1
3405,GFShrub,1
3406,GFShrub,1
3407,GFShrub,1
3408,GFShrub,1
3409,GFShrub,1
3410,GFShrub,1
3411,GFShrub,1
3412,GFShrub,1
3413,GFShrub,1
3414,GFShrub,1
3415,GFShrub,1
3416,GFShrub,1
3417,GFShrub,1
3418,GFShrub,1
3419,GFShrub,1
3420,GFShrub,1
3421,GFShrub,1
3422,GFShrub,1
3423,GFShrub,1
3425,GFShrub,1
3426,GFShrub,1
3428,GFShrub,1
3429,GFShrub,1
3430,GFShrub,1
3433,GFShrub,1
3434,GFShrub,1
3435,GFShrub,1
3436,GFShrub,1
3437,GFShrub,1
3438,GFShrub,1
3439,GFShrub,1
3440,GFShrub,1
3442,GFShrub,1
3443,GFShrub,1
3444,GFShrub,1
3446,GFShrub,1
3447,GFShrub,1
3448,GFShrub,1
3449,GFShrub,1
3450,GFShrub,1
3451,GFShrub,1
3452,GFShrub,1
3453,GFShrub,1
3454,GFShrub,1
3455,GFShrub,1
3456,GFShrub,1
3457,GFShrub,1
3458,GFShrub,1
3459,GFShrub,1
3460,GFShrub,1
3461,GFShrub,1
3462,GFShrub,1
3463,GFShrub,1
3464,GFShrub,1
3466,GFShrub,1
3467,GFShrub,1
3468,GFShrub,1
3469,GFShrub,1
3470,GFShrub,1
3471,GFShrub,1
3472,GFShrub,1
3473,GFShrub,1
3474,GFShrub,1
3475,GFShrub,1
3476,GFShrub,1
3477,GFShrub,1
3478,GFShrub,1
3479,GFShrub,1
3480,GFShrub,1
3481,GFShrub,1
3482,GFShrub,1
3483,GFShrub,1
3485,GFShrub,1
3486,GFShrub,1
3488,GFShrub,1
3489,GFShrub,1
3490,GFShrub,1
3491,GFShrub,1
3492,GFShrub,1
3493,GFShrub,1
3494,GFShrub,1
3495,GFShrub,1
3497,GFShrub,1
3498,GFShrub,1
3499,GFShrub,1
3501,GFShrub,1
3502,GFShrub,1
3503,GFShrub,1
3504,GFShrub,1
3506,GFShrub,1
3507,GFShrub,1
3509,GFShrub,1
3510,GFShrub,1
3511,GFShrub,1
3512,GFShrub,1
3513,GFShrub,1
3517,GFShrub,1
3518,GFShrub,1
3519,GFShrub,1
3522,GFShrub,1
3523,GFShrub,1
3524,GFShrub,1
3525,GFShrub,1
3526,GFShrub,1
3527,GFShrub,1
3528,GFShrub,1
3529,GFShrub,1
3531,GFShrub,1
3532,GFShrub,1
3533,GFShrub,1
3534,GFShrub,1
3535,GFShrub,1
3536,GFShrub,1
3538,GFShrub,1
3539,GFShrub,1
3540,GFShrub,1
3546,GFShrub,1
3550,GFShrub,1
3551,GFShrub,1
3552,GFShrub,1
3553,GFShrub,1
3554,GFShrub,1
3555,GFShrub,1
3556,GFShrub,1
3557,GFShrub,1
3558,GFShrub,1
3559,GFShrub,1
3560,GFShrub,1
3561,GFShrub,1
3562,GFShrub,1
3563,GFShrub,1
3564,GFShrub,1
3565,GFShrub,1
3566,GFShrub,1
3567,GFShrub,1
3568,GFShrub,1
3569,GFShrub,1
3570,GFShrub,1
3571,GFShrub,1
3572,GFShrub,1
3573,GFShrub,1
3574,GFShrub,1
3575,GFShrub,1
3576,GFShrub,1
3577,GFShrub,1
3578,GFShrub,1
3579,GFShrub,1
3580,GFShrub,1
3581,GFShrub,1
3582,GFShrub,1
3583,GFShrub,1
3584,GFShrub,1
3585,GFShrub,1
3586,GFShrub,1
3587,GFShrub,1
3588,GFShrub,1
3589,GFShrub,1
3590,GFShrub,1
3591,GFShrub,1
3600,GFShrub,1
3601,GFShrub,1
3602,GFShrub,1
3603,GFShrub,1
3604,GFShrub,1
3605,GFShrub,1
3606,GFShrub,1
3607,GFShrub,1
3608,GFShrub,1
3609,GFShrub,1
3610,GFShrub,1
3611,GFShrub,1
3612,GFShrub,1
3631,GFShrub,1
3633,GFShrub,1
3634,GFShrub,1
3635,GFShrub,1
3636,GFShrub,1
3638,GFShrub,1
3639,GFShrub,1
3640,GFShrub,1
3641,GFShrub,1
3642,GFShrub,1
3643,GFShrub,1
3644,GFShrub,1
3645,GFShrub,1
3646,GFShrub,1
3648,GFShrub,1
3649,GFShrub,1
3650,GFShrub,1
3651,GFShrub,1
3652,GFShrub,1
3653,GFShrub,1
3654,GFShrub,1
3671,GFShrub,1
3672,GFShrub,1
3674,GFShrub,1
3675,GFShrub,1
3677,GFShrub,1
3678,GFShrub,1
3679,GFShrub,1
3680,GFShrub,1
3682,GFShrub,1
3683,GFShrub,1
3684,GFShrub,1
3685,GFShrub,1
3686,GFShrub,1
3687,GFShrub,1
3688,GFShrub,1
3689,GFShrub,1
3690,GFShrub,1
3691,GFShrub,1
3692,GFShrub,1
3699,GFShrub,1
3709,GFShrub,1
3718,GFShrub,1
3719,GFShrub,1
3720,GFShrub,1
3725,GFShrub,1
3730,GFShrub,1
3731,GFShrub,1
3736,GFShrub,1
3737,GFShrub,1
3738,GFShrub,1
3739,GFShrub,1
3740,GFShrub,1
3741,GFShrub,1
3742,GFShrub,1
3743,GFShrub,1
3744,GFShrub,1
3745,GFShrub,1
3746,GFShrub,1
3747,GFShrub,1
3748,GFShrub,1
3749,GFShrub,1
3750,GFShrub,1
3751,GFShrub,1
3752,GFShrub,1
3753,GFShrub,1
3754,GFShrub,1
3755,GFShrub,1
3756,GFShrub,1
3757,GFShrub,1
3758,GFShrub,1
3759,GFShrub,1
3760,GFShrub,1
3761,GFShrub,1
3762,GFShrub,1
3763,GFShrub,1
3764,GFShrub,1
3765,GFShrub,1
3766,GFShrub,1
3767,GFShrub,1
3768,GFShrub,1
3769,GFShrub,1
3770,GFShrub,1
3771,GFShrub,1
3772,GFShrub,1
3773,GFShrub,1
3774,GFShrub,1
3775,GFShrub,1
3776,GFShrub,1
3777,GFShrub,1
3778,GFShrub,1
3779,GFShrub,1
3780,GFShrub,1
3781,GFShrub,1
3782,GFShrub,1
3783,GFShrub,1
3784,GFShrub,1
3785,GFShrub,1
3786,GFShrub,1
3787,GFShrub,1
3788,GFShrub,1
3789,GFShrub,1
3790,GFShrub,1
3791,GFShrub,1
3792,GFShrub,1
3793,GFShrub,1
3794,GFShrub,1
3795,GFShrub,1
3796,GFShrub,1
3797,GFShrub,1
3798,GFShrub,1
3799,GFShrub,1
3800,GFShrub,1
3801,GFShrub,1
3802,GFShrub,1
3803,GFShrub,1
3804,GFShrub,1
3805,GFShrub,1
3806,GFShrub,1
3807,GFShrub,1
3808,GFShrub,1
3809,GFShrub,1
3810,GFShrub,1
3811,GFShrub,1
3812,GFShrub,1
3813,GFShrub,1
3814,GFShrub,1
3815,GFShrub,1
3816,GFShrub,1
3817,GFShrub,1
3818,GFShrub,1
3819,GFShrub,1
3820,GFShrub,1
3821,GFShrub,1
3822,GFShrub,1
3823,GFShrub,1
3824,GFShrub,1
3825,GFShrub,1
3826,GFShrub,1
3827,GFShrub,1
3828,GFShrub,1
3830,GFShrub,1
3832,GFShrub,1
3833,GFShrub,1
3834,GFShrub,1
3835,GFShrub,1
3836,GFShrub,1
3837,GFShrub,1
3838,GFShrub,1
3839,GFShrub,1
3840,GFShrub,1
3841,GFShrub,1
3842,GFShrub,1
3843,GFShrub,1
3845,GFShrub,1
3846,GFShrub,1
3847,GFShrub,1
3848,GFShrub,1
3849,GFShrub,1
3850,GFShrub,1
3852,GFShrub,1
3853,GFShrub,1
3854,GFShrub,1
3855,GFShrub,1
3856,GFShrub,1
3857,GFShrub,1
3858,GFShrub,1
3859,GFShrub,1
3860,GFShrub,1
3861,GFShrub,1
3862,GFShrub,1
3863,GFShrub,1
3864,GFShrub,1
3865,GFShrub,1
3866,GFShrub,1
3867,GFShrub,1
3868,GFShrub,1
3869,GFShrub,1
3870,GFShrub,1
3871,GFShrub,1
3872,GFShrub,1
3873,GFShrub,1
3874,GFShrub,1
3875,GFShrub,1
3876,GFShrub,1
3877,GFShrub,1
3878,GFShrub,1
3879,GFShrub,1
3880,GFShrub,1
3881,GFShrub,1
3882,GFShrub,1
3883,GFShrub,1
3884,GFShrub,1
3885,GFShrub,1
3886,GFShrub,1
3887,GFShrub,1
3900,GFShrub,1
3901,GFShrub,1
3902,GFShrub,1
3903,GFShrub,1
3904,GFShrub,1
3905,GFShrub,1
3906,GFShrub,1
3907,GFShrub,1
3908,GFShrub,1
3909,GFShrub,1
3910,GFShrub,1
3911,GFShrub,1
3912,GFShrub,1
3913,GFShrub,1
3914,GFShrub,1
3915,GFShrub,1
3916,GFShrub,1
3917,GFShrub,1
3918,GFShrub,1
3919,GFShrub,1
3920,GFShrub,1
3921,GFShrub,1
3922,GFShrub,1
3923,GFShrub,1
3924,GFShrub,1
3925,GFShrub,1
3926,GFShrub,1
3927,GFShrub,1
3928,GFShrub,1
3929,GFShrub,1
3930,GFShrub,1
3931,GFShrub,1
3932,GFShrub,1
3933,GFShrub,1
3934,GFShrub,1
3935,GFShrub,1
3936,GFShrub,1
3937,GFShrub,1
3938,GFShrub,1
3939,GFShrub,1
3940,GFShrub,1
3941,GFShrub,1
3942,GFShrub,1
3943,GFShrub,1
3944,GFShrub,1
3945,GFShrub,1
3946,GFShrub,1
3947,GFShrub,1
3948,GFShrub,1
3949,GFShrub,1
3950,GFShrub,1
3951,GFShrub,1
3952,GFShrub,1
3953,GFShrub,1
3954,GFShrub,1
3955,GFShrub,1
3956,GFShrub,1
3957,GFShrub,1
3958,GFShrub,1
3959,GFShrub,1
3960,GFShrub,1
3961,GFShrub,1
3962,GFShrub,1
3963,GFShrub,1
3964,GFShrub,1
3965,GFShrub,1
3966,GFShrub,1
3967,GFShrub,1
3968,GFShrub,1
3969,GFShrub,1
3970,GFShrub,1
3971,GFShrub,1
3972,GFShrub,1
3973,GFShrub,1
3974,GFShrub,1
3975,GFShrub,1
3976,GFShrub,1
3977,GFShrub,1
3978,GFShrub,1
3979,GFShrub,1
3980,GFShrub,1
3981,GFShrub,1
3982,GFShrub,1
3983,GFShrub,1
3984,GFShrub,1
3985,GFShrub,1
3986,GFShrub,1
3987,GFShrub,1
3988,GFShrub,1
3989,GFShrub,1
3990,GFShrub,1
3991,GFShrub,1
3992,GFShrub,1
3993,GFShrub,1
3994,GFShrub,1
3995,GFShrub,1
3996,GFShrub,1
3997,GFShrub,1
3998,GFShrub,1
3999,GFShrub,1
5001,GFShrub,1
5002,GFShrub,1
5003,GFShrub,1
5004,GFShrub,1
5005,GFShrub,1
5006,GFShrub,1
5007,GFShrub,1
5008,GFShrub,1
5009,GFShrub,1
5010,GFShrub,1
5011,GFShrub,1
5012,GFShrub,1
5013,GFShrub,1
5014,GFShrub,1
5015,GFShrub,1
5016,GFShrub,1
5017,GFShrub,1
5018,GFShrub,1
5019,GFShrub,1
5020,GFShrub,1
5021,GFShrub,1
5022,GFShrub,1
5023,GFShrub,1
5024,GFShrub,1
5025,GFShrub,1
5026,GFShrub,1
5027,GFShrub,1
5028,GFShrub,1
5029,GFShrub,1
5030,GFShrub,1
5031,GFShrub,1
5032,GFShrub,1
5033,GFShrub,1
5034,GFShrub,1
5035,GFShrub,1
5036,GFShrub,1
5037,GFShrub,1
5038,GFShrub,1
5039,GFShrub,1
5040,GFShrub,1
5041,GFShrub,1
5042,GFShrub,1
5043,GFShrub,1
5044,GFShrub,1
5045,GFShrub,1
5046,GFShrub,1
5047,GFShrub,1
5048,GFShrub,1
5049,GFShrub,1
5050,GFShrub,1
5051,GFShrub,1
5052,GFShrub,1
5053,GFShrub,1
5054,GFShrub,1
5055,GFShrub,1
5056,GFShrub,1
5057,GFShrub,1
5058,GFShrub,1
5059,GFShrub,1
5060,GFShrub,1
5061,GFShrub,1
5062,GFShrub,1
5063,GFShrub,1
5064,GFShrub,1
5065,GFShrub,1
5066,GFShrub,1
5067,GFShrub,1
5068,GFShrub,1
5069,GFShrub,1
5070,GFShrub,1
5071,GFShrub,1
5072,GFShrub,1
5073,GFShrub,1
5074,GFShrub,1
5075,GFShrub,1
5076,GFShrub,1
5077,GFShrub,1
5078,GFShrub,1
5079,GFShrub,1
5080,GFShrub,1
5081,GFShrub,1
5082,GFShrub,1
5083,GFShrub,1
5084,GFShrub,1
5085,GFShrub,1
5086,GFShrub,1
5087,GFShrub,1
5088,GFShrub,1
5089,GFShrub,1
5090,GFShrub,1
5091,GFShrub,1
5092,GFShrub,1
5093,GFShrub,1
5094,GFShrub,1
5095,GFShrub,1
5096,GFShrub,1
5097,GFShrub,1
5098,GFShrub,1
5099,GFShrub,1
5100,GFShrub,1
5101,GFShrub,1
5102,GFShrub,1
5103,GFShrub,1
5104,GFShrub,1
5105,GFShrub,1
5106,GFShrub,1
5107,GFShrub,1
5108,GFShrub,1
5109,GFShrub,1
5110,GFShrub,1
5111,GFShrub,1
5112,GFShrub,1
5113,GFShrub,1
5114,GFShrub,1
5115,GFShrub,1
5116,GFShrub,1
5117,GFShrub,1
5118,GFShrub,1
5119,GFShrub,1
5120,GFShrub,1
5121,GFShrub,1
5122,GFShrub,1
5123,GFShrub,1
5124,GFShrub,1
5125,GFShrub,1
5126,GFShrub,1
5127,GFShrub,1
5128,GFShrub,1
5129,GFShrub,1
5130,GFShrub,1
5131,GFShrub,1
5132,GFShrub,1
5133,GFShrub,1
5134,GFShrub,1
5135,GFShrub,1
5136,GFShrub,1
5137,GFShrub,1
5138,GFShrub,1
5139,GFShrub,1
5140,GFShrub,1
5141,GFShrub,1
5142,GFShrub,1
5143,GFShrub,1
5144,GFShrub,1
5145,GFShrub,1
5146,GFShrub,1
5147,GFShrub,1
5148,GFShrub,1
5149,GFShrub,1
5150,GFShrub,1
5151,GFShrub,1
5152,GFShrub,1
5153,GFShrub,1
5154,GFShrub,1
5155,GFShrub,1
5156,GFShrub,1
5157,GFShrub,1
5158,GFShrub,1
5159,GFShrub,1
5160,GFShrub,1
5161,GFShrub,1
5162,GFShrub,1
5163,GFShrub,1
5164,GFShrub,1
5165,GFShrub,1
5166,GFShrub,1
5167,GFShrub,1
5168,GFShrub,1
5169,GFShrub,1
5170,GFShrub,1
5171,GFShrub,1
5172,GFShrub,1
5173,GFShrub,1
5174,GFShrub,1
5175,GFShrub,1
5176,GFShrub,1
5177,GFShrub,1
5178,GFShrub,1
5179,GFShrub,1
5180,GFShrub,1
5181,GFShrub,1
5182,GFShrub,1
5183,GFShrub,1
5184,GFShrub,1
5185,GFShrub,1
5186,GFShrub,1
5187,GFShrub,1
5188,GFShrub,1
5189,GFShrub,1
5190,GFShrub,1
5191,GFShrub,1
5192,GFShrub,1
5193,GFShrub,1
5194,GFShrub,1
5195,GFShrub,1
5196,GFShrub,1
5197,GFShrub,1
5198,GFShrub,1
5199,GFShrub,1
5200,GFShrub,1
5201,GFShrub,1
5202,GFShrub,1
5203,GFShrub,1
5204,GFShrub,1
5205,GFShrub,1
5206,GFShrub,1
5207,GFShrub,1
5208,GFShrub,1
5209,GFShrub,1
5210,GFShrub,1
5211,GFShrub,1
5212,GFShrub,1
5213,GFShrub,1
5214,GFShrub,1
5215,GFShrub,1
5216,GFShrub,1
5217,GFShrub,1
5218,GFShrub,1
5219,GFShrub,1
5220,GFShrub,1
5221,GFShrub,1
5222,GFShrub,1
5223,GFShrub,1
5224,GFShrub,1
5225,GFShrub,1
5226,GFShrub,1
5227,GFShrub,1
5228,GFShrub,1
5229,GFShrub,1
5230,GFShrub,1
5231,GFShrub,1
5232,GFShrub,1
5233,GFShrub,1
5234,GFShrub,1
5235,GFShrub,1
5236,GFShrub,1
5237,GFShrub,1
5238,GFShrub,1
5239,GFShrub,1
5240,GFShrub,1
5241,GFShrub,1
5242,GFShrub,1
5243,GFShrub,1
5244,GFShrub,1
5245,GFShrub,1
5246,GFShrub,1
5247,GFShrub,1
5248,GFShrub,1
5249,GFShrub,1
5250,GFShrub,1
5251,GFShrub,1
5252,GFShrub,1
5253,GFShrub,1
5254,GFShrub,1
5255,GFShrub,1
5256,GFShrub,1
5257,GFShrub,1
5258,GFShrub,1
5259,GFShrub,1
5260,GFShrub,1
5261,GFShrub,1
5262,GFShrub,1
5263,GFShrub,1
5264,GFShrub,1
5265,GFShrub,1
5266,GFShrub,1
5267,GFShrub,1
5268,GFShrub,1
5269,GFShrub,1
5270,GFShrub,1
5271,GFShrub,1
5272,GFShrub,1
5273,GFShrub,1
5274,GFShrub,1
5275,GFShrub,1
5276,GFShrub,1
5277,GFShrub,1
5278,GFShrub,1
5279,GFShrub,1
5280,GFShrub,1
5281,GFShrub,1
5282,GFShrub,1
5283,GFShrub,1
5284,GFShrub,1
5285,GFShrub,1
5286,GFShrub,1
5287,GFShrub,1
5288,GFShrub,1
5289,GFShrub,1
5290,GFShrub,1
5291,GFShrub,1
5292,GFShrub,1
5293,GFShrub,1
5294,GFShrub,1
5295,GFShrub,1
5296,GFShrub,1
5297,GFShrub,1
5298,GFShrub,1
5299,GFShrub,1
5300,GFShrub,1
5301,GFShrub,1
5302,GFShrub,1
5303,GFShrub,1
5304,GFShrub,1
5305,GFShrub,1
5306,GFShrub,1
5307,GFShrub,1
5308,GFShrub,1
5309,GFShrub,1
5310,GFShrub,1
5311,GFShrub,1
5312,GFShrub,1
5313,GFShrub,1
5314,GFShrub,1
5315,GFShrub,1
5316,GFShrub,1
5317,GFShrub,1
5318,GFShrub,1
5319,GFShrub,1
5320,GFShrub,1
5321,GFShrub,1
5322,GFShrub,1
5323,GFShrub,1
5324,GFShrub,1
5325,GFShrub,1
5326,GFShrub,1
5327,GFShrub,1
5328,GFShrub,1
5329,GFShrub,1
5330,GFShrub,1
5331,GFShrub,1
5332,GFShrub,1
5333,GFShrub,1
5334,GFShrub,1
5335,GFShrub,1
5336,GFShrub,1
5337,GFShrub,1
5338,GFShrub,1
5339,GFShrub,1
5340,GFShrub,1
5341,GFShrub,1
5342,GFShrub,1
5343,GFShrub,1
5344,GFShrub,1
5345,GFShrub,1
5346,GFShrub,1
5347,GFShrub,1
5348,GFShrub,1
5349,GFShrub,1
5350,GFShrub,1
5351,GFShrub,1
5352,GFShrub,1
5353,GFShrub,1
5354,GFShrub,1
5355,GFShrub,1
5356,GFShrub,1
5357,GFShrub,1
5358,GFShrub,1
5359,GFShrub,1
5360,GFShrub,1
5361,GFShrub,1
5362,GFShrub,1
5363,GFShrub,1
5364,GFShrub,1
5365,GFShrub,1
5366,GFShrub,1
5367,GFShrub,1
5368,GFShrub,1
5369,GFShrub,1
5370,GFShrub,1
5371,GFShrub,1
5372,GFShrub,1
5373,GFShrub,1
5374,GFShrub,1
5375,GFShrub,1
5376,GFShrub,1
5377,GFShrub,1
5378,GFShrub,1
5379,GFShrub,1
5380,GFShrub,1
5381,GFShrub,1
5382,GFShrub,1
5383,GFShrub,1
5384,GFShrub,1
5385,GFShrub,1
5386,GFShrub,1
5387,GFShrub,1
5388,GFShrub,1
5389,GFShrub,1
5390,GFShrub,1
5391,GFShrub,1
5392,GFShrub,1
5393,GFShrub,1
5394,GFShrub,1
5395,GFShrub,1
5396,GFShrub,1
5397,GFShrub,1
5398,GFShrub,1
5399,GFShrub,1
5400,GFShrub,1
5401,GFShrub,1
5402,GFShrub,1
5403,GFShrub,1
5404,GFShrub,1
5405,GFShrub,1
5406,GFShrub,1
5407,GFShrub,1
5408,GFShrub,1
5409,GFShrub,1
5410,GFShrub,1
5411,GFShrub,1
5412,GFShrub,1
5413,GFShrub,1
5414,GFShrub,1
5415,GFShrub,1
5416,GFShrub,1
5417,GFShrub,1
5418,GFShrub,1
5419,GFShrub,1
5420,GFShrub,1
5421,GFShrub,1
5422,GFShrub,1
5423,GFShrub,1
5424,GFShrub,1
5425,GFShrub,1
5426,GFShrub,1
5427,GFShrub,1
5428,GFShrub,1
5429,GFShrub,1
5430,GFShrub,1
5431,GFShrub,1
5432,GFShrub,1
5433,GFShrub,1
5434,GFShrub,1
5435,GFShrub,1
5436,GFShrub,1
5437,GFShrub,1
5438,GFShrub,1
5439,GFShrub,1
5440,GFShrub,1
5441,GFShrub,1
5442,GFShrub,1
5443,GFShrub,1
5444,GFShrub,1
5445,GFShrub,1
5446,GFShrub,1
5447,GFShrub,1
5448,GFShrub,1
5449,GFShrub,1
5450,GFShrub,1
5451,GFShrub,1
5452,GFShrub,1
5453,GFShrub,1
5454,GFShrub,1
5455,GFShrub,1
5456,GFShrub,1
5457,GFShrub,1
5458,GFShrub,1
5459,GFShrub,1
5460,GFShrub,1
5461,GFShrub,1
5462,GFShrub,1
5463,GFShrub,1
5464,GFShrub,1
5465,GFShrub,1
5466,GFShrub,1
5467,GFShrub,1
5468,GFShrub,1
5469,GFShrub,1
5470,GFShrub,1
5471,GFShrub,1
5472,GFShrub,1
5473,GFShrub,1
5474,GFShrub,1
5475,GFShrub,1
5476,GFShrub,1
5477,GFShrub,1
5478,GFShrub,1
5479,GFShrub,1
5480,GFShrub,1
5481,GFShrub,1
5482,GFShrub,1
5483,GFShrub,1
5484,GFShrub,1
5485,GFShrub,1
5486,GFShrub,1
5487,GFShrub,1
5488,GFShrub,1
5489,GFShrub,1
5490,GFShrub,1
5491,GFShrub,1
5492,GFShrub,1
5493,GFShrub,1
5494,GFShrub,1
5495,GFShrub,1
5496,GFShrub,1
5497,GFShrub,1
5498,GFShrub,1
5499,GFShrub,1
5500,GFShrub,1
5501,GFShrub,1
5502,GFShrub,1
5503,GFShrub,1
5504,GFShrub,1
5505,GFShrub,1
5506,GFShrub,1
5507,GFShrub,1
5508,GFShrub,1
5509,GFShrub,1
5510,GFShrub,1
5511,GFShrub,1
5512,GFShrub,1
5513,GFShrub,1
5514,GFShrub,1
5515,GFShrub,1
5516,GFShrub,1
5517,GFShrub,1
5518,GFShrub,1
5519,GFShrub,1
5520,GFShrub,1
5521,GFShrub,1
5522,GFShrub,1
5523,GFShrub,1
5524,GFShrub,1
5525,GFShrub,1
5526,GFShrub,1
5527,GFShrub,1
5528,GFShrub,1
5529,GFShrub,1
5530,GFShrub,1
5531,GFShrub,1
5532,GFShrub,1
5533,GFShrub,1
5534,GFShrub,1
5535,GFShrub,1
5536,GFShrub,1
5537,GFShrub,1
5538,GFShrub,1
5539,GFShrub,1
5540,GFShrub,1
5541,GFShrub,1
5542,GFShrub,1
5543,GFShrub,1
5544,GFShrub,1
5545,GFShrub,1
5546,GFShrub,1
5547,GFShrub,1
5548,GFShrub,1
5549,GFShrub,1
5550,GFShrub,1
5551,GFShrub,1
5552,GFShrub,1
5553,GFShrub,1
5554,GFShrub,1
5555,GFShrub,1
5556,GFShrub,1
5557,GFShrub,1
5558,GFShrub,1
5559,GFShrub,1
5560,GFShrub,1
5561,GFShrub,1
5562,GFShrub,1
5563,GFShrub,1
5564,GFShrub,1
5565,GFShrub,1
5566,GFShrub,1
5567,GFShrub,1
5568,GFShrub,1
5569,GFShrub,1
5570,GFShrub,1
5571,GFShrub,1
5572,GFShrub,1
5573,GFShrub,1
5574,GFShrub,1
5575,GFShrub,1
5576,GFShrub,1
5577,GFShrub,1
5578,GFShrub,1
5579,GFShrub,1
5580,GFShrub,1
5581,GFShrub,1
5582,GFShrub,1
5583,GFShrub,1
5584,GFShrub,1
5585,GFShrub,1
5586,GFShrub,1
5587,GFShrub,1
5588,GFShrub,1
5589,GFShrub,1
5590,GFShrub,1
5591,GFShrub,1
5592,GFShrub,1
5593,GFShrub,1
5594,GFShrub,1
5595,GFShrub,1
5596,GFShrub,1
5597,GFShrub,1
5598,GFShrub,1
5599,GFShrub,1
5600,GFShrub,1
5601,GFShrub,1
5602,GFShrub,1
5603,GFShrub,1
5604,GFShrub,1
5605,GFShrub,1
5606,GFShrub,1
5607,GFShrub,1
5608,GFShrub,1
5609,GFShrub,1
5610,GFShrub,1
5611,GFShrub,1
5612,GFShrub,1
5613,GFShrub,1
5614,GFShrub,1
5615,GFShrub,1
5616,GFShrub,1
5617,GFShrub,1
5618,GFShrub,1
5619,GFShrub,1
5620,GFShrub,1
5621,GFShrub,1
5622,GFShrub,1
5623,GFShrub,1
5624,GFShrub,1
5625,GFShrub,1
5626,GFShrub,1
5627,GFShrub,1
5628,GFShrub,1
5629,GFShrub,1
5630,GFShrub,1
5631,GFShrub,1
5632,GFShrub,1
5633,GFShrub,1
5634,GFShrub,1
5635,GFShrub,1
5636,GFShrub,1
5637,GFShrub,1
5638,GFShrub,1
5639,GFShrub,1
5640,GFShrub,1
5641,GFShrub,1
5642,GFShrub,1
5643,GFShrub,1
5644,GFShrub,1
5645,GFShrub,1
5646,GFShrub,1
5647,GFShrub,1
5648,GFShrub,1
5649,GFShrub,1
5650,GFShrub,1
5651,GFShrub,1
5652,GFShrub,1
5653,GFShrub,1
5654,GFShrub,1
5655,GFShrub,1
5656,GFShrub,1
5657,GFShrub,1
5658,GFShrub,1
5659,GFShrub,1
5660,GFShrub,1
5661,GFShrub,1
5662,GFShrub,1
5663,GFShrub,1
5664,GFShrub,1
5665,GFShrub,1
5666,GFShrub,1
5667,GFShrub,1
5668,GFShrub,1
5669,GFShrub,1
5670,GFShrub,1
5671,GFShrub,1
5672,GFShrub,1
5673,GFShrub,1
5674,GFShrub,1
5675,GFShrub,1
5676,GFShrub,1
5677,GFShrub,1
5678,GFShrub,1
5679,GFShrub,1
5680,GFShrub,1
5681,GFShrub,1
5682,GFShrub,1
5683,GFShrub,1
5684,GFShrub,1
5685,GFShrub,1
5686,GFShrub,1
5687,GFShrub,1
5688,GFShrub,1
5689,GFShrub,1
5690,GFShrub,1
5691,GFShrub,1
5692,GFShrub,1
5693,GFShrub,1
5694,GFShrub,1
5695,GFShrub,1
5696,GFShrub,1
5697,GFShrub,1
5698,GFShrub,1
5699,GFShrub,1
5700,GFShrub,1
5701,GFShrub,1
5702,GFShrub,1
5703,GFShrub,1
5704,GFShrub,1
5705,GFShrub,1
5706,GFShrub,1
5707,GFShrub,1
5708,GFShrub,1
5709,GFShrub,1
5710,GFShrub,1
5711,GFShrub,1
5712,GFShrub,1
5713,GFShrub,1
5714,GFShrub,1
5715,GFShrub,1
5716,GFShrub,1
5717,GFShrub,1
5718,GFShrub,1
5719,GFShrub,1
5720,GFShrub,1
5721,GFShrub,1
5722,GFShrub,1
5723,GFShrub,1
5724,GFShrub,1
5725,GFShrub,1
5726,GFShrub,1
5727,GFShrub,1
5728,GFShrub,1
5729,GFShrub,1
5730,GFShrub,1
5731,GFShrub,1
5732,GFShrub,1
5733,GFShrub,1
5734,GFShrub,1
5735,GFShrub,1
5736,GFShrub,1
5737,GFShrub,1
5738,GFShrub,1
5739,GFShrub,1
5740,GFShrub,1
5741,GFShrub,1
5742,GFShrub,1
5743,GFShrub,1
5744,GFShrub,1
5745,GFShrub,1
5746,GFShrub,1
5747,GFShrub,1
5748,GFShrub,1
5749,GFShrub,1
5750,GFShrub,1
5751,GFShrub,1
5752,GFShrub,1
5753,GFShrub,1
5754,GFShrub,1
5755,GFShrub,1
5756,GFShrub,1
5757,GFShrub,1
5758,GFShrub,1
5759,GFShrub,1
5760,GFShrub,1
5761,GFShrub,1
5762,GFShrub,1
5763,GFShrub,1
5764,GFShrub,1
5765,GFShrub,1
5766,GFShrub,1
5767,GFShrub,1
5768,GFShrub,1
5769,GFShrub,1
5770,GFShrub,1
5771,GFShrub,1
5772,GFShrub,1
5773,GFShrub,1
5774,GFShrub,1
5775,GFShrub,1
5776,GFShrub,1
5777,GFShrub,1
5778,GFShrub,1
5779,GFShrub,1
5780,GFShrub,1
5781,GFShrub,1
5782,GFShrub,1
5783,GFShrub,1
5784,GFShrub,1
5785,GFShrub,1
5786,GFShrub,1
5787,GFShrub,1
5788,GFShrub,1
5789,GFShrub,1
5790,GFShrub,1
5791,GFShrub,1
5792,GFShrub,1
5793,GFShrub,1
5794,GFShrub,1
5795,GFShrub,1
5796,GFShrub,1
5797,GFShrub,1
5798,GFShrub,1
5799,GFShrub,1
5800,GFShrub,1
5801,GFShrub,1
5802,GFShrub,1
5803,GFShrub,1
5804,GFShrub,1
5805,GFShrub,1
5806,GFShrub,1
5807,GFShrub,1
5808,GFShrub,1
5809,GFShrub,1
5810,GFShrub,1
5811,GFShrub,1
5812,GFShrub,1
5813,GFShrub,1
5814,GFShrub,1
5815,GFShrub,1
5816,GFShrub,1
5817,GFShrub,1
5818,GFShrub,1
5819,GFShrub,1
5820,GFShrub,1
5821,GFShrub,1
5822,GFShrub,1
5823,GFShrub,1
5824,GFShrub,1
5825,GFShrub,1
5826,GFShrub,1
5827,GFShrub,1
5828,GFShrub,1
5829,GFShrub,1
5830,GFShrub,1
5831,GFShrub,1
5832,GFShrub,1
5833,GFShrub,1
5834,GFShrub,1
5835,GFShrub,1
5836,GFShrub,1
5837,GFShrub,1
5838,GFShrub,1
5839,GFShrub,1
5840,GFShrub,1
5841,GFShrub,1
5842,GFShrub,1
5843,GFShrub,1
5844,GFShrub,1
5845,GFShrub,1
5846,GFShrub,1
5847,GFShrub,1
5848,GFShrub,1
5849,GFShrub,1
5850,GFShrub,1
5851,GFShrub,1
5852,GFShrub,1
5853,GFShrub,1
5854,GFShrub,1
5855,GFShrub,1
5856,GFShrub,1
5857,GFShrub,1
5858,GFShrub,1
5859,GFShrub,1
5860,GFShrub,1
5861,GFShrub,1
5862,GFShrub,1
5863,GFShrub,1
5864,GFShrub,1
5865,GFShrub,1
5866,GFShrub,1
5867,GFShrub,1
5868,GFShrub,1
5869,GFShrub,1
