EcoTypeID,VegID,HerbSpecFrac
-999,GFHerb,1
3001,GFHerb,1
3002,GFHerb,1
3003,GFHerb,1
3004,GFHerb,1
3006,GFHerb,1
3007,GFHerb,1
3008,GFHerb,1
3009,GFHerb,1
3011,GFHerb,1
3012,GFHerb,1
3013,GFHerb,1
3014,GFHerb,1
3015,GFHerb,1
3016,GFHerb,1
3017,GFHerb,1
3018,GFHerb,1
3019,GFHerb,1
3020,GFHerb,1
3021,GFHerb,1
3022,GFHerb,1
3023,GFHerb,1
3024,GFHerb,1
3025,GFHerb,1
3026,GFHerb,1
3027,GFHerb,1
3028,GFHerb,1
3029,GFHerb,1
3030,GFHerb,1
3031,GFHerb,1
3032,GFHerb,1
3033,GFHerb,1
3034,GFHerb,1
3035,GFHerb,1
3036,GFHerb,1
3037,GFHerb,1
3038,GFHerb,1
3039,GFHerb,1
3041,GFHerb,1
3042,GFHerb,1
3043,GFHerb,1
3044,GFHerb,1
3045,GFHerb,1
3046,GFHerb,1
3047,GFHerb,1
3048,GFHerb,1
3049,GFHerb,1
3050,GFHerb,1
3051,GFHerb,1
3052,GFHerb,1
3053,GFHerb,1
3054,GFHerb,1
3055,GFHerb,1
3056,GFHerb,1
3057,GFHerb,1
3058,GFHerb,1
3059,GFHerb,1
3060,GFHerb,1
3061,GFHerb,1
3062,GFHerb,1
3063,GFHerb,1
3064,GFHerb,1
3065,GFHerb,1
3066,GFHerb,1
3067,GFHerb,1
3068,GFHerb,1
3070,GFHerb,1
3071,GFHerb,1
3072,GFHerb,1
3074,GFHerb,1
3075,GFHerb,1
3076,GFHerb,1
3077,GFHerb,1
3078,GFHerb,1
3079,GFHerb,1
3080,GFHerb,1
3081,GFHerb,1
3082,GFHerb,1
3083,GFHerb,1
3084,GFHerb,1
3085,GFHerb,1
3086,GFHerb,1
3087,GFHerb,1
3088,GFHerb,1
3090,GFHerb,1
3091,GFHerb,1
3092,GFHerb,1
3093,GFHerb,1
3094,GFHerb,1
3095,GFHerb,1
3096,GFHerb,1
3097,GFHerb,1
3098,GFHerb,1
3099,GFHerb,1
3100,GFHerb,1
3101,GFHerb,1
3103,GFHerb,1
3104,GFHerb,1
3105,GFHerb,1
3106,GFHerb,1
3107,GFHerb,1
3108,GFHerb,1
3109,GFHerb,1
3110,GFHerb,1
3111,GFHerb,1
3112,GFHerb,1
3113,GFHerb,1
3114,GFHerb,1
3115,GFHerb,1
3116,GFHerb,1
3117,GFHerb,1
3118,GFHerb,1
3119,GFHerb,1
3120,GFHerb,1
3121,GFHerb,1
3122,GFHerb,1
3123,GFHerb,1
3124,GFHerb,1
3125,GFHerb,1
3126,GFHerb,1
3127,GFHerb,1
3128,GFHerb,1
3129,GFHerb,1
3130,GFHerb,1
3131,GFHerb,1
3132,GFHerb,1
3133,GFHerb,1
3134,GFHerb,1
3135,GFHerb,1
3136,GFHerb,1
3137,GFHerb,1
3138,GFHerb,1
3139,GFHerb,1
3140,GFHerb,1
3141,GFHerb,1
3142,GFHerb,1
3143,GFHerb,1
3144,GFHerb,1
3145,GFHerb,1
3146,GFHerb,1
3147,GFHerb,1
3148,GFHerb,1
3149,GFHerb,1
3150,GFHerb,1
3151,GFHerb,1
3152,GFHerb,1
3153,GFHerb,1
3154,GFHerb,1
3155,GFHerb,1
3156,GFHerb,1
3157,GFHerb,1
3158,GFHerb,1
3159,GFHerb,1
3160,GFHerb,1
3161,GFHerb,1
3162,GFHerb,1
3163,GFHerb,1
3164,GFHerb,1
3165,GFHerb,1
3166,GFHerb,1
3167,GFHerb,1
3168,GFHerb,1
3169,GFHerb,1
3170,GFHerb,1
3171,GFHerb,1
3172,GFHerb,1
3173,GFHerb,1
3174,GFHerb,1
3177,GFHerb,1
3178,GFHerb,1
3179,GFHerb,1
3180,GFHerb,1
3181,GFHerb,1
3182,GFHerb,1
3183,GFHerb,1
3184,GFHerb,1
3185,GFHerb,1
3186,GFHerb,1
3187,GFHerb,1
3191,GFHerb,1
3192,GFHerb,1
3193,GFHerb,1
3194,GFHerb,1
3195,GFHerb,1
3196,GFHerb,1
3199,GFHerb,1
3200,GFHerb,1
3201,GFHerb,1
3202,GFHerb,1
3203,GFHerb,1
3204,GFHerb,1
3205,GFHerb,1
3206,GFHerb,1
3207,GFHerb,1
3208,GFHerb,1
3209,GFHerb,1
3210,GFHerb,1
3211,GFHerb,1
3212,GFHerb,1
3213,GFHerb,1
3214,GFHerb,1
3215,GFHerb,1
3216,GFHerb,1
3217,GFHerb,1
3218,GFHerb,1
3219,GFHerb,1
3220,GFHerb,1
3221,GFHerb,1
3222,GFHerb,1
3223,GFHerb,1
3227,GFHerb,1
3228,GFHerb,1
3229,GFHerb,1
3230,GFHerb,1
3231,GFHerb,1
3232,GFHerb,1
3233,GFHerb,1
3234,GFHerb,1
3235,GFHerb,1
3236,GFHerb,1
3237,GFHerb,1
3238,GFHerb,1
3239,GFHerb,1
3240,GFHerb,1
3241,GFHerb,1
3242,GFHerb,1
3243,GFHerb,1
3244,GFHerb,1
3245,GFHerb,1
3247,GFHerb,1
3248,GFHerb,1
3249,GFHerb,1
3250,GFHerb,1
3251,GFHerb,1
3252,GFHerb,1
3253,GFHerb,1
3254,GFHerb,1
3255,GFHerb,1
3256,GFHerb,1
3257,GFHerb,1
3258,GFHerb,1
3259,GFHerb,1
3260,GFHerb,1
3261,GFHerb,1
3262,GFHerb,1
3263,GFHerb,1
3264,GFHerb,1
3265,GFHerb,1
3266,GFHerb,1
3267,GFHerb,1
3268,GFHerb,1
3269,GFHerb,1
3270,GFHerb,1
3271,GFHerb,1
3272,GFHerb,1
3273,GFHerb,1
3274,GFHerb,1
3275,GFHerb,1
3276,GFHerb,1
3277,GFHerb,1
3278,GFHerb,1
3279,GFHerb,1
3280,GFHerb,1
3281,GFHerb,1
3282,GFHerb,1
3283,GFHerb,1
3284,GFHerb,1
3285,GFHerb,1
3286,GFHerb,1
3287,GFHerb,1
3288,GFHerb,1
3289,GFHerb,1
3290,GFHerb,1
3291,GFHerb,1
3292,GFHerb,1
3293,GFHerb,1
3294,GFHerb,1
3295,GFHerb,1
3296,GFHerb,1
3297,GFHerb,1
3298,GFHerb,1
3299,GFHerb,1
3300,GFHerb,1
3301,GFHerb,1
3302,GFHerb,1
3303,GFHerb,1
3304,GFHerb,1
3305,GFHerb,1
3306,GFHerb,1
3307,GFHerb,1
3308,GFHerb,1
3309,GFHerb,1
3310,GFHerb,1
3311,GFHerb,1
3312,GFHerb,1
3313,GFHerb,1
3314,GFHerb,1
3315,GFHerb,1
3316,GFHerb,1
3317,GFHerb,1
3318,GFHerb,1
3319,GFHerb,1
3320,GFHerb,1
3321,GFHerb,1
3322,GFHerb,1
3323,GFHerb,1
3324,GFHerb,1
3325,GFHerb,1
3326,GFHerb,1
3327,GFHerb,1
3328,GFHerb,1
3329,GFHerb,1
3330,GFHerb,1
3331,GFHerb,1
3332,GFHerb,1
3333,GFHerb,1
3334,GFHerb,1
3335,GFHerb,1
3336,GFHerb,1
3337,GFHerb,1
3338,GFHerb,1
3339,GFHerb,1
3340,GFHerb,1
3342,GFHerb,1
3343,GFHerb,1
3344,GFHerb,1
3346,GFHerb,1
3347,GFHerb,1
3348,GFHerb,1
3349,GFHerb,1
3350,GFHerb,1
3351,GFHerb,1
3352,GFHerb,1
3353,GFHerb,1
3354,GFHerb,1
3355,GFHerb,1
3356,GFHerb,1
3357,GFHerb,1
3358,GFHerb,1
3359,GFHerb,1
3361,GFHerb,1
3362,GFHerb,1
3363,GFHerb,1
3364,GFHerb,1
3365,GFHerb,1
3366,GFHerb,1
3367,GFHerb,1
3368,GFHerb,1
3369,GFHerb,1
3370,GFHerb,1
3371,GFHerb,1
3372,GFHerb,1
3373,GFHerb,1
3374,GFHerb,1
3375,GFHerb,1
3376,GFHerb,1
3377,GFHerb,1
3378,GFHerb,1
3379,GFHerb,1
3380,GFHerb,1
3381,GFHerb,1
3382,GFHerb,1
3383,GFHerb,1
3384,GFHerb,1
3385,GFHerb,1
3386,GFHerb,1
3387,GFHerb,1
3389,GFHerb,1
3390,GFHerb,1
3391,GFHerb,1
3392,GFHerb,1
3393,GFHerb,1
3394,GFHerb,1
3395,GFHerb,1
3396,GFHerb,1
3397,GFHerb,1
3398,GFHerb,1
3399,GFHerb,1
3400,GFHerb,1
3401,GFHerb,1
3402,GFHerb,1
3403,GFHerb,1
3405,GFHerb,1
3406,GFHerb,1
3407,GFHerb,1
3408,GFHerb,1
3409,GFHerb,1
3410,GFHerb,1
3411,GFHerb,1
3412,GFHerb,1
3413,GFHerb,1
3414,GFHerb,1
3415,GFHerb,1
3416,GFHerb,1
3417,GFHerb,1
3418,GFHerb,1
3419,GFHerb,1
3420,GFHerb,1
3421,GFHerb,1
3422,GFHerb,1
3423,GFHerb,1
3425,GFHerb,1
3426,GFHerb,1
3428,GFHerb,1
3429,GFHerb,1
3430,GFHerb,1
3433,GFHerb,1
3434,GFHerb,1
3435,GFHerb,1
3436,GFHerb,1
3437,GFHerb,1
3438,GFHerb,1
3439,GFHerb,1
3440,GFHerb,1
3442,GFHerb,1
3443,GFHerb,1
3444,GFHerb,1
3446,GFHerb,1
3447,GFHerb,1
3448,GFHerb,1
3449,GFHerb,1
3450,GFHerb,1
3451,GFHerb,1
3452,GFHerb,1
3453,GFHerb,1
3454,GFHerb,1
3455,GFHerb,1
3456,GFHerb,1
3457,GFHerb,1
3458,GFHerb,1
3459,GFHerb,1
3460,GFHerb,1
3461,GFHerb,1
3462,GFHerb,1
3463,GFHerb,1
3464,GFHerb,1
3466,GFHerb,1
3467,GFHerb,1
3468,GFHerb,1
3469,GFHerb,1
3470,GFHerb,1
3471,GFHerb,1
3472,GFHerb,1
3473,GFHerb,1
3474,GFHerb,1
3475,GFHerb,1
3476,GFHerb,1
3477,GFHerb,1
3478,GFHerb,1
3479,GFHerb,1
3480,GFHerb,1
3481,GFHerb,1
3482,GFHerb,1
3483,GFHerb,1
3485,GFHerb,1
3486,GFHerb,1
3488,GFHerb,1
3489,GFHerb,1
3490,GFHerb,1
3491,GFHerb,1
3492,GFHerb,1
3493,GFHerb,1
3494,GFHerb,1
3495,GFHerb,1
3497,GFHerb,1
3498,GFHerb,1
3499,GFHerb,1
3501,GFHerb,1
3502,GFHerb,1
3503,GFHerb,1
3504,GFHerb,1
3506,GFHerb,1
3507,GFHerb,1
3509,GFHerb,1
3510,GFHerb,1
3511,GFHerb,1
3512,GFHerb,1
3513,GFHerb,1
3517,GFHerb,1
3518,GFHerb,1
3519,GFHerb,1
3522,GFHerb,1
3523,GFHerb,1
3524,GFHerb,1
3525,GFHerb,1
3526,GFHerb,1
3527,GFHerb,1
3528,GFHerb,1
3529,GFHerb,1
3531,GFHerb,1
3532,GFHerb,1
3533,GFHerb,1
3534,GFHerb,1
3535,GFHerb,1
3536,GFHerb,1
3538,GFHerb,1
3539,GFHerb,1
3540,GFHerb,1
3546,GFHerb,1
3550,GFHerb,1
3551,GFHerb,1
3552,GFHerb,1
3553,GFHerb,1
3554,GFHerb,1
3555,GFHerb,1
3556,GFHerb,1
3557,GFHerb,1
3558,GFHerb,1
3559,GFHerb,1
3560,GFHerb,1
3561,GFHerb,1
3562,GFHerb,1
3563,GFHerb,1
3564,GFHerb,1
3565,GFHerb,1
3566,GFHerb,1
3567,GFHerb,1
3568,GFHerb,1
3569,GFHerb,1
3570,GFHerb,1
3571,GFHerb,1
3572,GFHerb,1
3573,GFHerb,1
3574,GFHerb,1
3575,GFHerb,1
3576,GFHerb,1
3577,GFHerb,1
3578,GFHerb,1
3579,GFHerb,1
3580,GFHerb,1
3581,GFHerb,1
3582,GFHerb,1
3583,GFHerb,1
3584,GFHerb,1
3585,GFHerb,1
3586,GFHerb,1
3587,GFHerb,1
3588,GFHerb,1
3589,GFHerb,1
3590,GFHerb,1
3591,GFHerb,1
3600,GFHerb,1
3601,GFHerb,1
3602,GFHerb,1
3603,GFHerb,1
3604,GFHerb,1
3605,GFHerb,1
3606,GFHerb,1
3607,GFHerb,1
3608,GFHerb,1
3609,GFHerb,1
3610,GFHerb,1
3611,GFHerb,1
3612,GFHerb,1
3631,GFHerb,1
3633,GFHerb,1
3634,GFHerb,1
3635,GFHerb,1
3636,GFHerb,1
3638,GFHerb,1
3639,GFHerb,1
3640,GFHerb,1
3641,GFHerb,1
3642,GFHerb,1
3643,GFHerb,1
3644,GFHerb,1
3645,GFHerb,1
3646,GFHerb,1
3648,GFHerb,1
3649,GFHerb,1
3650,GFHerb,1
3651,GFHerb,1
3652,GFHerb,1
3653,GFHerb,1
3654,GFHerb,1
3671,GFHerb,1
3672,GFHerb,1
3674,GFHerb,1
3675,GFHerb,1
3677,GFHerb,1
3678,GFHerb,1
3679,GFHerb,1
3680,GFHerb,1
3682,GFHerb,1
3683,GFHerb,1
3684,GFHerb,1
3685,GFHerb,1
3686,GFHerb,1
3687,GFHerb,1
3688,GFHerb,1
3689,GFHerb,1
3690,GFHerb,1
3691,GFHerb,1
3692,GFHerb,1
3699,GFHerb,1
3709,GFHerb,1
3718,GFHerb,1
3719,GFHerb,1
3720,GFHerb,1
3725,GFHerb,1
3730,GFHerb,1
3731,GFHerb,1
3736,GFHerb,1
3737,GFHerb,1
3738,GFHerb,1
3739,GFHerb,1
3740,GFHerb,1
3741,GFHerb,1
3742,GFHerb,1
3743,GFHerb,1
3744,GFHerb,1
3745,GFHerb,1
3746,GFHerb,1
3747,GFHerb,1
3748,GFHerb,1
3749,GFHerb,1
3750,GFHerb,1
3751,GFHerb,1
3752,GFHerb,1
3753,GFHerb,1
3754,GFHerb,1
3755,GFHerb,1
3756,GFHerb,1
3757,GFHerb,1
3758,GFHerb,1
3759,GFHerb,1
3760,GFHerb,1
3761,GFHerb,1
3762,GFHerb,1
3763,GFHerb,1
3764,GFHerb,1
3765,GFHerb,1
3766,GFHerb,1
3767,GFHerb,1
3768,GFHerb,1
3769,GFHerb,1
3770,GFHerb,1
3771,GFHerb,1
3772,GFHerb,1
3773,GFHerb,1
3774,GFHerb,1
3775,GFHerb,1
3776,GFHerb,1
3777,GFHerb,1
3778,GFHerb,1
3779,GFHerb,1
3780,GFHerb,1
3781,GFHerb,1
3782,GFHerb,1
3783,GFHerb,1
3784,GFHerb,1
3785,GFHerb,1
3786,GFHerb,1
3787,GFHerb,1
3788,GFHerb,1
3789,GFHerb,1
3790,GFHerb,1
3791,GFHerb,1
3792,GFHerb,1
3793,GFHerb,1
3794,GFHerb,1
3795,GFHerb,1
3796,GFHerb,1
3797,GFHerb,1
3798,GFHerb,1
3799,GFHerb,1
3800,GFHerb,1
3801,GFHerb,1
3802,GFHerb,1
3803,GFHerb,1
3804,GFHerb,1
3805,GFHerb,1
3806,GFHerb,1
3807,GFHerb,1
3808,GFHerb,1
3809,GFHerb,1
3810,GFHerb,1
3811,GFHerb,1
3812,GFHerb,1
3813,GFHerb,1
3814,GFHerb,1
3815,GFHerb,1
3816,GFHerb,1
3817,GFHerb,1
3818,GFHerb,1
3819,GFHerb,1
3820,GFHerb,1
3821,GFHerb,1
3822,GFHerb,1
3823,GFHerb,1
3824,GFHerb,1
3825,GFHerb,1
3826,GFHerb,1
3827,GFHerb,1
3828,GFHerb,1
3830,GFHerb,1
3832,GFHerb,1
3833,GFHerb,1
3834,GFHerb,1
3835,GFHerb,1
3836,GFHerb,1
3837,GFHerb,1
3838,GFHerb,1
3839,GFHerb,1
3840,GFHerb,1
3841,GFHerb,1
3842,GFHerb,1
3843,GFHerb,1
3845,GFHerb,1
3846,GFHerb,1
3847,GFHerb,1
3848,GFHerb,1
3849,GFHerb,1
3850,GFHerb,1
3852,GFHerb,1
3853,GFHerb,1
3854,GFHerb,1
3855,GFHerb,1
3856,GFHerb,1
3857,GFHerb,1
3858,GFHerb,1
3859,GFHerb,1
3860,GFHerb,1
3861,GFHerb,1
3862,GFHerb,1
3863,GFHerb,1
3864,GFHerb,1
3865,GFHerb,1
3866,GFHerb,1
3867,GFHerb,1
3868,GFHerb,1
3869,GFHerb,1
3870,GFHerb,1
3871,GFHerb,1
3872,GFHerb,1
3873,GFHerb,1
3874,GFHerb,1
3875,GFHerb,1
3876,GFHerb,1
3877,GFHerb,1
3878,GFHerb,1
3879,GFHerb,1
3880,GFHerb,1
3881,GFHerb,1
3882,GFHerb,1
3883,GFHerb,1
3884,GFHerb,1
3885,GFHerb,1
3886,GFHerb,1
3887,GFHerb,1
3900,GFHerb,1
3901,GFHerb,1
3902,GFHerb,1
3903,GFHerb,1
3904,GFHerb,1
3905,GFHerb,1
3906,GFHerb,1
3907,GFHerb,1
3908,GFHerb,1
3909,GFHerb,1
3910,GFHerb,1
3911,GFHerb,1
3912,GFHerb,1
3913,GFHerb,1
3914,GFHerb,1
3915,GFHerb,1
3916,GFHerb,1
3917,GFHerb,1
3918,GFHerb,1
3919,GFHerb,1
3920,GFHerb,1
3921,GFHerb,1
3922,GFHerb,1
3923,GFHerb,1
3924,GFHerb,1
3925,GFHerb,1
3926,GFHerb,1
3927,GFHerb,1
3928,GFHerb,1
3929,GFHerb,1
3930,GFHerb,1
3931,GFHerb,1
3932,GFHerb,1
3933,GFHerb,1
3934,GFHerb,1
3935,GFHerb,1
3936,GFHerb,1
3937,GFHerb,1
3938,GFHerb,1
3939,GFHerb,1
3940,GFHerb,1
3941,GFHerb,1
3942,GFHerb,1
3943,GFHerb,1
3944,GFHerb,1
3945,GFHerb,1
3946,GFHerb,1
3947,GFHerb,1
3948,GFHerb,1
3949,GFHerb,1
3950,GFHerb,1
3951,GFHerb,1
3952,GFHerb,1
3953,GFHerb,1
3954,GFHerb,1
3955,GFHerb,1
3956,GFHerb,1
3957,GFHerb,1
3958,GFHerb,1
3959,GFHerb,1
3960,GFHerb,1
3961,GFHerb,1
3962,GFHerb,1
3963,GFHerb,1
3964,GFHerb,1
3965,GFHerb,1
3966,GFHerb,1
3967,GFHerb,1
3968,GFHerb,1
3969,GFHerb,1
3970,GFHerb,1
3971,GFHerb,1
3972,GFHerb,1
3973,GFHerb,1
3974,GFHerb,1
3975,GFHerb,1
3976,GFHerb,1
3977,GFHerb,1
3978,GFHerb,1
3979,GFHerb,1
3980,GFHerb,1
3981,GFHerb,1
3982,GFHerb,1
3983,GFHerb,1
3984,GFHerb,1
3985,GFHerb,1
3986,GFHerb,1
3987,GFHerb,1
3988,GFHerb,1
3989,GFHerb,1
3990,GFHerb,1
3991,GFHerb,1
3992,GFHerb,1
3993,GFHerb,1
3994,GFHerb,1
3995,GFHerb,1
3996,GFHerb,1
3997,GFHerb,1
3998,GFHerb,1
3999,GFHerb,1
5001,GFHerb,1
5002,GFHerb,1
5003,GFHerb,1
5004,GFHerb,1
5005,GFHerb,1
5006,GFHerb,1
5007,GFHerb,1
5008,GFHerb,1
5009,GFHerb,1
5010,GFHerb,1
5011,GFHerb,1
5012,GFHerb,1
5013,GFHerb,1
5014,GFHerb,1
5015,GFHerb,1
5016,GFHerb,1
5017,GFHerb,1
5018,GFHerb,1
5019,GFHerb,1
5020,GFHerb,1
5021,GFHerb,1
5022,GFHerb,1
5023,GFHerb,1
5024,GFHerb,1
5025,GFHerb,1
5026,GFHerb,1
5027,GFHerb,1
5028,GFHerb,1
5029,GFHerb,1
5030,GFHerb,1
5031,GFHerb,1
5032,GFHerb,1
5033,GFHerb,1
5034,GFHerb,1
5035,GFHerb,1
5036,GFHerb,1
5037,GFHerb,1
5038,GFHerb,1
5039,GFHerb,1
5040,GFHerb,1
5041,GFHerb,1
5042,GFHerb,1
5043,GFHerb,1
5044,GFHerb,1
5045,GFHerb,1
5046,GFHerb,1
5047,GFHerb,1
5048,GFHerb,1
5049,GFHerb,1
5050,GFHerb,1
5051,GFHerb,1
5052,GFHerb,1
5053,GFHerb,1
5054,GFHerb,1
5055,GFHerb,1
5056,GFHerb,1
5057,GFHerb,1
5058,GFHerb,1
5059,GFHerb,1
5060,GFHerb,1
5061,GFHerb,1
5062,GFHerb,1
5063,GFHerb,1
5064,GFHerb,1
5065,GFHerb,1
5066,GFHerb,1
5067,GFHerb,1
5068,GFHerb,1
5069,GFHerb,1
5070,GFHerb,1
5071,GFHerb,1
5072,GFHerb,1
5073,GFHerb,1
5074,GFHerb,1
5075,GFHerb,1
5076,GFHerb,1
5077,GFHerb,1
5078,GFHerb,1
5079,GFHerb,1
5080,GFHerb,1
5081,GFHerb,1
5082,GFHerb,1
5083,GFHerb,1
5084,GFHerb,1
5085,GFHerb,1
5086,GFHerb,1
5087,GFHerb,1
5088,GFHerb,1
5089,GFHerb,1
5090,GFHerb,1
5091,GFHerb,1
5092,GFHerb,1
5093,GFHerb,1
5094,GFHerb,1
5095,GFHerb,1
5096,GFHerb,1
5097,GFHerb,1
5098,GFHerb,1
5099,GFHerb,1
5100,GFHerb,1
5101,GFHerb,1
5102,GFHerb,1
5103,GFHerb,1
5104,GFHerb,1
5105,GFHerb,1
5106,GFHerb,1
5107,GFHerb,1
5108,GFHerb,1
5109,GFHerb,1
5110,GFHerb,1
5111,GFHerb,1
5112,GFHerb,1
5113,GFHerb,1
5114,GFHerb,1
5115,GFHerb,1
5116,GFHerb,1
5117,GFHerb,1
5118,GFHerb,1
5119,GFHerb,1
5120,GFHerb,1
5121,GFHerb,1
5122,GFHerb,1
5123,GFHerb,1
5124,GFHerb,1
5125,GFHerb,1
5126,GFHerb,1
5127,GFHerb,1
5128,GFHerb,1
5129,GFHerb,1
5130,GFHerb,1
5131,GFHerb,1
5132,GFHerb,1
5133,GFHerb,1
5134,GFHerb,1
5135,GFHerb,1
5136,GFHerb,1
5137,GFHerb,1
5138,GFHerb,1
5139,GFHerb,1
5140,GFHerb,1
5141,GFHerb,1
5142,GFHerb,1
5143,GFHerb,1
5144,GFHerb,1
5145,GFHerb,1
5146,GFHerb,1
5147,GFHerb,1
5148,GFHerb,1
5149,GFHerb,1
5150,GFHerb,1
5151,GFHerb,1
5152,GFHerb,1
5153,GFHerb,1
5154,GFHerb,1
5155,GFHerb,1
5156,GFHerb,1
5157,GFHerb,1
5158,GFHerb,1
5159,GFHerb,1
5160,GFHerb,1
5161,GFHerb,1
5162,GFHerb,1
5163,GFHerb,1
5164,GFHerb,1
5165,GFHerb,1
5166,GFHerb,1
5167,GFHerb,1
5168,GFHerb,1
5169,GFHerb,1
5170,GFHerb,1
5171,GFHerb,1
5172,GFHerb,1
5173,GFHerb,1
5174,GFHerb,1
5175,GFHerb,1
5176,GFHerb,1
5177,GFHerb,1
5178,GFHerb,1
5179,GFHerb,1
5180,GFHerb,1
5181,GFHerb,1
5182,GFHerb,1
5183,GFHerb,1
5184,GFHerb,1
5185,GFHerb,1
5186,GFHerb,1
5187,GFHerb,1
5188,GFHerb,1
5189,GFHerb,1
5190,GFHerb,1
5191,GFHerb,1
5192,GFHerb,1
5193,GFHerb,1
5194,GFHerb,1
5195,GFHerb,1
5196,GFHerb,1
5197,GFHerb,1
5198,GFHerb,1
5199,GFHerb,1
5200,GFHerb,1
5201,GFHerb,1
5202,GFHerb,1
5203,GFHerb,1
5204,GFHerb,1
5205,GFHerb,1
5206,GFHerb,1
5207,GFHerb,1
5208,GFHerb,1
5209,GFHerb,1
5210,GFHerb,1
5211,GFHerb,1
5212,GFHerb,1
5213,GFHerb,1
5214,GFHerb,1
5215,GFHerb,1
5216,GFHerb,1
5217,GFHerb,1
5218,GFHerb,1
5219,GFHerb,1
5220,GFHerb,1
5221,GFHerb,1
5222,GFHerb,1
5223,GFHerb,1
5224,GFHerb,1
5225,GFHerb,1
5226,GFHerb,1
5227,GFHerb,1
5228,GFHerb,1
5229,GFHerb,1
5230,GFHerb,1
5231,GFHerb,1
5232,GFHerb,1
5233,GFHerb,1
5234,GFHerb,1
5235,GFHerb,1
5236,GFHerb,1
5237,GFHerb,1
5238,GFHerb,1
5239,GFHerb,1
5240,GFHerb,1
5241,GFHerb,1
5242,GFHerb,1
5243,GFHerb,1
5244,GFHerb,1
5245,GFHerb,1
5246,GFHerb,1
5247,GFHerb,1
5248,GFHerb,1
5249,GFHerb,1
5250,GFHerb,1
5251,GFHerb,1
5252,GFHerb,1
5253,GFHerb,1
5254,GFHerb,1
5255,GFHerb,1
5256,GFHerb,1
5257,GFHerb,1
5258,GFHerb,1
5259,GFHerb,1
5260,GFHerb,1
5261,GFHerb,1
5262,GFHerb,1
5263,GFHerb,1
5264,GFHerb,1
5265,GFHerb,1
5266,GFHerb,1
5267,GFHerb,1
5268,GFHerb,1
5269,GFHerb,1
5270,GFHerb,1
5271,GFHerb,1
5272,GFHerb,1
5273,GFHerb,1
5274,GFHerb,1
5275,GFHerb,1
5276,GFHerb,1
5277,GFHerb,1
5278,GFHerb,1
5279,GFHerb,1
5280,GFHerb,1
5281,GFHerb,1
5282,GFHerb,1
5283,GFHerb,1
5284,GFHerb,1
5285,GFHerb,1
5286,GFHerb,1
5287,GFHerb,1
5288,GFHerb,1
5289,GFHerb,1
5290,GFHerb,1
5291,GFHerb,1
5292,GFHerb,1
5293,GFHerb,1
5294,GFHerb,1
5295,GFHerb,1
5296,GFHerb,1
5297,GFHerb,1
5298,GFHerb,1
5299,GFHerb,1
5300,GFHerb,1
5301,GFHerb,1
5302,GFHerb,1
5303,GFHerb,1
5304,GFHerb,1
5305,GFHerb,1
5306,GFHerb,1
5307,GFHerb,1
5308,GFHerb,1
5309,GFHerb,1
5310,GFHerb,1
5311,GFHerb,1
5312,GFHerb,1
5313,GFHerb,1
5314,GFHerb,1
5315,GFHerb,1
5316,GFHerb,1
5317,GFHerb,1
5318,GFHerb,1
5319,GFHerb,1
5320,GFHerb,1
5321,GFHerb,1
5322,GFHerb,1
5323,GFHerb,1
5324,GFHerb,1
5325,GFHerb,1
5326,GFHerb,1
5327,GFHerb,1
5328,GFHerb,1
5329,GFHerb,1
5330,GFHerb,1
5331,GFHerb,1
5332,GFHerb,1
5333,GFHerb,1
5334,GFHerb,1
5335,GFHerb,1
5336,GFHerb,1
5337,GFHerb,1
5338,GFHerb,1
5339,GFHerb,1
5340,GFHerb,1
5341,GFHerb,1
5342,GFHerb,1
5343,GFHerb,1
5344,GFHerb,1
5345,GFHerb,1
5346,GFHerb,1
5347,GFHerb,1
5348,GFHerb,1
5349,GFHerb,1
5350,GFHerb,1
5351,GFHerb,1
5352,GFHerb,1
5353,GFHerb,1
5354,GFHerb,1
5355,GFHerb,1
5356,GFHerb,1
5357,GFHerb,1
5358,GFHerb,1
5359,GFHerb,1
5360,GFHerb,1
5361,GFHerb,1
5362,GFHerb,1
5363,GFHerb,1
5364,GFHerb,1
5365,GFHerb,1
5366,GFHerb,1
5367,GFHerb,1
5368,GFHerb,1
5369,GFHerb,1
5370,GFHerb,1
5371,GFHerb,1
5372,GFHerb,1
5373,GFHerb,1
5374,GFHerb,1
5375,GFHerb,1
5376,GFHerb,1
5377,GFHerb,1
5378,GFHerb,1
5379,GFHerb,1
5380,GFHerb,1
5381,GFHerb,1
5382,GFHerb,1
5383,GFHerb,1
5384,GFHerb,1
5385,GFHerb,1
5386,GFHerb,1
5387,GFHerb,1
5388,GFHerb,1
5389,GFHerb,1
5390,GFHerb,1
5391,GFHerb,1
5392,GFHerb,1
5393,GFHerb,1
5394,GFHerb,1
5395,GFHerb,1
5396,GFHerb,1
5397,GFHerb,1
5398,GFHerb,1
5399,GFHerb,1
5400,GFHerb,1
5401,GFHerb,1
5402,GFHerb,1
5403,GFHerb,1
5404,GFHerb,1
5405,GFHerb,1
5406,GFHerb,1
5407,GFHerb,1
5408,GFHerb,1
5409,GFHerb,1
5410,GFHerb,1
5411,GFHerb,1
5412,GFHerb,1
5413,GFHerb,1
5414,GFHerb,1
5415,GFHerb,1
5416,GFHerb,1
5417,GFHerb,1
5418,GFHerb,1
5419,GFHerb,1
5420,GFHerb,1
5421,GFHerb,1
5422,GFHerb,1
5423,GFHerb,1
5424,GFHerb,1
5425,GFHerb,1
5426,GFHerb,1
5427,GFHerb,1
5428,GFHerb,1
5429,GFHerb,1
5430,GFHerb,1
5431,GFHerb,1
5432,GFHerb,1
5433,GFHerb,1
5434,GFHerb,1
5435,GFHerb,1
5436,GFHerb,1
5437,GFHerb,1
5438,GFHerb,1
5439,GFHerb,1
5440,GFHerb,1
5441,GFHerb,1
5442,GFHerb,1
5443,GFHerb,1
5444,GFHerb,1
5445,GFHerb,1
5446,GFHerb,1
5447,GFHerb,1
5448,GFHerb,1
5449,GFHerb,1
5450,GFHerb,1
5451,GFHerb,1
5452,GFHerb,1
5453,GFHerb,1
5454,GFHerb,1
5455,GFHerb,1
5456,GFHerb,1
5457,GFHerb,1
5458,GFHerb,1
5459,GFHerb,1
5460,GFHerb,1
5461,GFHerb,1
5462,GFHerb,1
5463,GFHerb,1
5464,GFHerb,1
5465,GFHerb,1
5466,GFHerb,1
5467,GFHerb,1
5468,GFHerb,1
5469,GFHerb,1
5470,GFHerb,1
5471,GFHerb,1
5472,GFHerb,1
5473,GFHerb,1
5474,GFHerb,1
5475,GFHerb,1
5476,GFHerb,1
5477,GFHerb,1
5478,GFHerb,1
5479,GFHerb,1
5480,GFHerb,1
5481,GFHerb,1
5482,GFHerb,1
5483,GFHerb,1
5484,GFHerb,1
5485,GFHerb,1
5486,GFHerb,1
5487,GFHerb,1
5488,GFHerb,1
5489,GFHerb,1
5490,GFHerb,1
5491,GFHerb,1
5492,GFHerb,1
5493,GFHerb,1
5494,GFHerb,1
5495,GFHerb,1
5496,GFHerb,1
5497,GFHerb,1
5498,GFHerb,1
5499,GFHerb,1
5500,GFHerb,1
5501,GFHerb,1
5502,GFHerb,1
5503,GFHerb,1
5504,GFHerb,1
5505,GFHerb,1
5506,GFHerb,1
5507,GFHerb,1
5508,GFHerb,1
5509,GFHerb,1
5510,GFHerb,1
5511,GFHerb,1
5512,GFHerb,1
5513,GFHerb,1
5514,GFHerb,1
5515,GFHerb,1
5516,GFHerb,1
5517,GFHerb,1
5518,GFHerb,1
5519,GFHerb,1
5520,GFHerb,1
5521,GFHerb,1
5522,GFHerb,1
5523,GFHerb,1
5524,GFHerb,1
5525,GFHerb,1
5526,GFHerb,1
5527,GFHerb,1
5528,GFHerb,1
5529,GFHerb,1
5530,GFHerb,1
5531,GFHerb,1
5532,GFHerb,1
5533,GFHerb,1
5534,GFHerb,1
5535,GFHerb,1
5536,GFHerb,1
5537,GFHerb,1
5538,GFHerb,1
5539,GFHerb,1
5540,GFHerb,1
5541,GFHerb,1
5542,GFHerb,1
5543,GFHerb,1
5544,GFHerb,1
5545,GFHerb,1
5546,GFHerb,1
5547,GFHerb,1
5548,GFHerb,1
5549,GFHerb,1
5550,GFHerb,1
5551,GFHerb,1
5552,GFHerb,1
5553,GFHerb,1
5554,GFHerb,1
5555,GFHerb,1
5556,GFHerb,1
5557,GFHerb,1
5558,GFHerb,1
5559,GFHerb,1
5560,GFHerb,1
5561,GFHerb,1
5562,GFHerb,1
5563,GFHerb,1
5564,GFHerb,1
5565,GFHerb,1
5566,GFHerb,1
5567,GFHerb,1
5568,GFHerb,1
5569,GFHerb,1
5570,GFHerb,1
5571,GFHerb,1
5572,GFHerb,1
5573,GFHerb,1
5574,GFHerb,1
5575,GFHerb,1
5576,GFHerb,1
5577,GFHerb,1
5578,GFHerb,1
5579,GFHerb,1
5580,GFHerb,1
5581,GFHerb,1
5582,GFHerb,1
5583,GFHerb,1
5584,GFHerb,1
5585,GFHerb,1
5586,GFHerb,1
5587,GFHerb,1
5588,GFHerb,1
5589,GFHerb,1
5590,GFHerb,1
5591,GFHerb,1
5592,GFHerb,1
5593,GFHerb,1
5594,GFHerb,1
5595,GFHerb,1
5596,GFHerb,1
5597,GFHerb,1
5598,GFHerb,1
5599,GFHerb,1
5600,GFHerb,1
5601,GFHerb,1
5602,GFHerb,1
5603,GFHerb,1
5604,GFHerb,1
5605,GFHerb,1
5606,GFHerb,1
5607,GFHerb,1
5608,GFHerb,1
5609,GFHerb,1
5610,GFHerb,1
5611,GFHerb,1
5612,GFHerb,1
5613,GFHerb,1
5614,GFHerb,1
5615,GFHerb,1
5616,GFHerb,1
5617,GFHerb,1
5618,GFHerb,1
5619,GFHerb,1
5620,GFHerb,1
5621,GFHerb,1
5622,GFHerb,1
5623,GFHerb,1
5624,GFHerb,1
5625,GFHerb,1
5626,GFHerb,1
5627,GFHerb,1
5628,GFHerb,1
5629,GFHerb,1
5630,GFHerb,1
5631,GFHerb,1
5632,GFHerb,1
5633,GFHerb,1
5634,GFHerb,1
5635,GFHerb,1
5636,GFHerb,1
5637,GFHerb,1
5638,GFHerb,1
5639,GFHerb,1
5640,GFHerb,1
5641,GFHerb,1
5642,GFHerb,1
5643,GFHerb,1
5644,GFHerb,1
5645,GFHerb,1
5646,GFHerb,1
5647,GFHerb,1
5648,GFHerb,1
5649,GFHerb,1
5650,GFHerb,1
5651,GFHerb,1
5652,GFHerb,1
5653,GFHerb,1
5654,GFHerb,1
5655,GFHerb,1
5656,GFHerb,1
5657,GFHerb,1
5658,GFHerb,1
5659,GFHerb,1
5660,GFHerb,1
5661,GFHerb,1
5662,GFHerb,1
5663,GFHerb,1
5664,GFHerb,1
5665,GFHerb,1
5666,GFHerb,1
5667,GFHerb,1
5668,GFHerb,1
5669,GFHerb,1
5670,GFHerb,1
5671,GFHerb,1
5672,GFHerb,1
5673,GFHerb,1
5674,GFHerb,1
5675,GFHerb,1
5676,GFHerb,1
5677,GFHerb,1
5678,GFHerb,1
5679,GFHerb,1
5680,GFHerb,1
5681,GFHerb,1
5682,GFHerb,1
5683,GFHerb,1
5684,GFHerb,1
5685,GFHerb,1
5686,GFHerb,1
5687,GFHerb,1
5688,GFHerb,1
5689,GFHerb,1
5690,GFHerb,1
5691,GFHerb,1
5692,GFHerb,1
5693,GFHerb,1
5694,GFHerb,1
5695,GFHerb,1
5696,GFHerb,1
5697,GFHerb,1
5698,GFHerb,1
5699,GFHerb,1
5700,GFHerb,1
5701,GFHerb,1
5702,GFHerb,1
5703,GFHerb,1
5704,GFHerb,1
5705,GFHerb,1
5706,GFHerb,1
5707,GFHerb,1
5708,GFHerb,1
5709,GFHerb,1
5710,GFHerb,1
5711,GFHerb,1
5712,GFHerb,1
5713,GFHerb,1
5714,GFHerb,1
5715,GFHerb,1
5716,GFHerb,1
5717,GFHerb,1
5718,GFHerb,1
5719,GFHerb,1
5720,GFHerb,1
5721,GFHerb,1
5722,GFHerb,1
5723,GFHerb,1
5724,GFHerb,1
5725,GFHerb,1
5726,GFHerb,1
5727,GFHerb,1
5728,GFHerb,1
5729,GFHerb,1
5730,GFHerb,1
5731,GFHerb,1
5732,GFHerb,1
5733,GFHerb,1
5734,GFHerb,1
5735,GFHerb,1
5736,GFHerb,1
5737,GFHerb,1
5738,GFHerb,1
5739,GFHerb,1
5740,GFHerb,1
5741,GFHerb,1
5742,GFHerb,1
5743,GFHerb,1
5744,GFHerb,1
5745,GFHerb,1
5746,GFHerb,1
5747,GFHerb,1
5748,GFHerb,1
5749,GFHerb,1
5750,GFHerb,1
5751,GFHerb,1
5752,GFHerb,1
5753,GFHerb,1
5754,GFHerb,1
5755,GFHerb,1
5756,GFHerb,1
5757,GFHerb,1
5758,GFHerb,1
5759,GFHerb,1
5760,GFHerb,1
5761,GFHerb,1
5762,GFHerb,1
5763,GFHerb,1
5764,GFHerb,1
5765,GFHerb,1
5766,GFHerb,1
5767,GFHerb,1
5768,GFHerb,1
5769,GFHerb,1
5770,GFHerb,1
5771,GFHerb,1
5772,GFHerb,1
5773,GFHerb,1
5774,GFHerb,1
5775,GFHerb,1
5776,GFHerb,1
5777,GFHerb,1
5778,GFHerb,1
5779,GFHerb,1
5780,GFHerb,1
5781,GFHerb,1
5782,GFHerb,1
5783,GFHerb,1
5784,GFHerb,1
5785,GFHerb,1
5786,GFHerb,1
5787,GFHerb,1
5788,GFHerb,1
5789,GFHerb,1
5790,GFHerb,1
5791,GFHerb,1
5792,GFHerb,1
5793,GFHerb,1
5794,GFHerb,1
5795,GFHerb,1
5796,GFHerb,1
5797,GFHerb,1
5798,GFHerb,1
5799,GFHerb,1
5800,GFHerb,1
5801,GFHerb,1
5802,GFHerb,1
5803,GFHerb,1
5804,GFHerb,1
5805,GFHerb,1
5806,GFHerb,1
5807,GFHerb,1
5808,GFHerb,1
5809,GFHerb,1
5810,GFHerb,1
5811,GFHerb,1
5812,GFHerb,1
5813,GFHerb,1
5814,GFHerb,1
5815,GFHerb,1
5816,GFHerb,1
5817,GFHerb,1
5818,GFHerb,1
5819,GFHerb,1
5820,GFHerb,1
5821,GFHerb,1
5822,GFHerb,1
5823,GFHerb,1
5824,GFHerb,1
5825,GFHerb,1
5826,GFHerb,1
5827,GFHerb,1
5828,GFHerb,1
5829,GFHerb,1
5830,GFHerb,1
5831,GFHerb,1
5832,GFHerb,1
5833,GFHerb,1
5834,GFHerb,1
5835,GFHerb,1
5836,GFHerb,1
5837,GFHerb,1
5838,GFHerb,1
5839,GFHerb,1
5840,GFHerb,1
5841,GFHerb,1
5842,GFHerb,1
5843,GFHerb,1
5844,GFHerb,1
5845,GFHerb,1
5846,GFHerb,1
5847,GFHerb,1
5848,GFHerb,1
5849,GFHerb,1
5850,GFHerb,1
5851,GFHerb,1
5852,GFHerb,1
5853,GFHerb,1
5854,GFHerb,1
5855,GFHerb,1
5856,GFHerb,1
5857,GFHerb,1
5858,GFHerb,1
5859,GFHerb,1
5860,GFHerb,1
5861,GFHerb,1
5862,GFHerb,1
5863,GFHerb,1
5864,GFHerb,1
5865,GFHerb,1
5866,GFHerb,1
5867,GFHerb,1
5868,GFHerb,1
5869,GFHerb,1
